{
  "states": [
{"time":1,"state":{"roads":[{"speedlimit":120,"co2":80,"weather":"SUNNY","vehicles":["v1"],"id":"r1"}],"vehicles":[{"distance":80,"road":"r1","co2":80,"location":80,"id":"v1","class":1,"speed":80,"status":"TRAVELING"}],"junctions":[{"green":"none","queues":[],"id":"j1"},{"green":"r1","queues":[{"road":"r1","vehicles":[]}],"id":"j2"}]}}, 
{"time":2,"state":{"roads":[{"speedlimit":120,"co2":158,"weather":"SUNNY","vehicles":["v1"],"id":"r1"}],"vehicles":[{"distance":160,"road":"r1","co2":160,"location":160,"id":"v1","class":1,"speed":80,"status":"TRAVELING"}],"junctions":[{"green":"none","queues":[],"id":"j1"},{"green":"r1","queues":[{"road":"r1","vehicles":[]}],"id":"j2"}]}}, 
{"time":3,"state":{"roads":[{"speedlimit":120,"co2":236,"weather":"SUNNY","vehicles":["v1"],"id":"r1"}],"vehicles":[{"distance":240,"road":"r1","co2":240,"location":240,"id":"v1","class":1,"speed":80,"status":"TRAVELING"}],"junctions":[{"green":"none","queues":[],"id":"j1"},{"green":"r1","queues":[{"road":"r1","vehicles":[]}],"id":"j2"}]}}, 
{"time":4,"state":{"roads":[{"speedlimit":120,"co2":314,"weather":"SUNNY","vehicles":["v1"],"id":"r1"}],"vehicles":[{"distance":320,"road":"r1","co2":320,"location":320,"id":"v1","class":1,"speed":80,"status":"TRAVELING"}],"junctions":[{"green":"none","queues":[],"id":"j1"},{"green":"r1","queues":[{"road":"r1","vehicles":[]}],"id":"j2"}]}}, 
{"time":5,"state":{"roads":[{"speedlimit":120,"co2":392,"weather":"SUNNY","vehicles":["v1"],"id":"r1"}],"vehicles":[{"distance":400,"road":"r1","co2":400,"location":400,"id":"v1","class":1,"speed":80,"status":"TRAVELING"}],"junctions":[{"green":"none","queues":[],"id":"j1"},{"green":"r1","queues":[{"road":"r1","vehicles":[]}],"id":"j2"}]}}, 
{"time":6,"state":{"roads":[{"speedlimit":120,"co2":470,"weather":"SUNNY","vehicles":["v1"],"id":"r1"}],"vehicles":[{"distance":480,"road":"r1","co2":480,"location":480,"id":"v1","class":1,"speed":80,"status":"TRAVELING"}],"junctions":[{"green":"none","queues":[],"id":"j1"},{"green":"r1","queues":[{"road":"r1","vehicles":[]}],"id":"j2"}]}}, 
{"time":7,"state":{"roads":[{"speedlimit":120,"co2":548,"weather":"SUNNY","vehicles":["v1"],"id":"r1"}],"vehicles":[{"distance":560,"road":"r1","co2":560,"location":560,"id":"v1","class":1,"speed":80,"status":"TRAVELING"}],"junctions":[{"green":"none","queues":[],"id":"j1"},{"green":"r1","queues":[{"road":"r1","vehicles":[]}],"id":"j2"}]}}, 
{"time":8,"state":{"roads":[{"speedlimit":120,"co2":626,"weather":"SUNNY","vehicles":["v1"],"id":"r1"}],"vehicles":[{"distance":640,"road":"r1","co2":640,"location":640,"id":"v1","class":1,"speed":80,"status":"TRAVELING"}],"junctions":[{"green":"none","queues":[],"id":"j1"},{"green":"r1","queues":[{"road":"r1","vehicles":[]}],"id":"j2"}]}}, 
{"time":9,"state":{"roads":[{"speedlimit":120,"co2":704,"weather":"SUNNY","vehicles":["v1"],"id":"r1"}],"vehicles":[{"distance":720,"road":"r1","co2":720,"location":720,"id":"v1","class":1,"speed":80,"status":"TRAVELING"}],"junctions":[{"green":"none","queues":[],"id":"j1"},{"green":"r1","queues":[{"road":"r1","vehicles":[]}],"id":"j2"}]}}, 
{"time":10,"state":{"roads":[{"speedlimit":120,"co2":782,"weather":"SUNNY","vehicles":["v1"],"id":"r1"}],"vehicles":[{"distance":800,"road":"r1","co2":800,"location":800,"id":"v1","class":1,"speed":80,"status":"TRAVELING"}],"junctions":[{"green":"none","queues":[],"id":"j1"},{"green":"r1","queues":[{"road":"r1","vehicles":[]}],"id":"j2"}]}}, 
{"time":11,"state":{"roads":[{"speedlimit":120,"co2":860,"weather":"SUNNY","vehicles":["v1"],"id":"r1"}],"vehicles":[{"distance":880,"road":"r1","co2":880,"location":880,"id":"v1","class":1,"speed":80,"status":"TRAVELING"}],"junctions":[{"green":"none","queues":[],"id":"j1"},{"green":"r1","queues":[{"road":"r1","vehicles":[]}],"id":"j2"}]}}, 
{"time":12,"state":{"roads":[{"speedlimit":120,"co2":938,"weather":"SUNNY","vehicles":["v1"],"id":"r1"}],"vehicles":[{"distance":960,"road":"r1","co2":960,"location":960,"id":"v1","class":1,"speed":80,"status":"TRAVELING"}],"junctions":[{"green":"none","queues":[],"id":"j1"},{"green":"r1","queues":[{"road":"r1","vehicles":[]}],"id":"j2"}]}}, 
{"time":13,"state":{"roads":[{"speedlimit":120,"co2":1016,"weather":"SUNNY","vehicles":["v1"],"id":"r1"}],"vehicles":[{"distance":1040,"road":"r1","co2":1040,"location":1040,"id":"v1","class":1,"speed":80,"status":"TRAVELING"}],"junctions":[{"green":"none","queues":[],"id":"j1"},{"green":"r1","queues":[{"road":"r1","vehicles":[]}],"id":"j2"}]}}, 
{"time":14,"state":{"roads":[{"speedlimit":120,"co2":1094,"weather":"SUNNY","vehicles":["v1"],"id":"r1"}],"vehicles":[{"distance":1120,"road":"r1","co2":1120,"location":1120,"id":"v1","class":1,"speed":80,"status":"TRAVELING"}],"junctions":[{"green":"none","queues":[],"id":"j1"},{"green":"r1","queues":[{"road":"r1","vehicles":[]}],"id":"j2"}]}}, 
{"time":15,"state":{"roads":[{"speedlimit":120,"co2":1172,"weather":"SUNNY","vehicles":["v1"],"id":"r1"}],"vehicles":[{"distance":1200,"road":"r1","co2":1200,"location":1200,"id":"v1","class":1,"speed":80,"status":"TRAVELING"}],"junctions":[{"green":"none","queues":[],"id":"j1"},{"green":"r1","queues":[{"road":"r1","vehicles":[]}],"id":"j2"}]}}, 
{"time":16,"state":{"roads":[{"speedlimit":120,"co2":1250,"weather":"SUNNY","vehicles":["v1"],"id":"r1"}],"vehicles":[{"distance":1280,"road":"r1","co2":1280,"location":1280,"id":"v1","class":1,"speed":80,"status":"TRAVELING"}],"junctions":[{"green":"none","queues":[],"id":"j1"},{"green":"r1","queues":[{"road":"r1","vehicles":[]}],"id":"j2"}]}}, 
{"time":17,"state":{"roads":[{"speedlimit":120,"co2":1328,"weather":"SUNNY","vehicles":["v1"],"id":"r1"}],"vehicles":[{"distance":1360,"road":"r1","co2":1360,"location":1360,"id":"v1","class":1,"speed":80,"status":"TRAVELING"}],"junctions":[{"green":"none","queues":[],"id":"j1"},{"green":"r1","queues":[{"road":"r1","vehicles":[]}],"id":"j2"}]}}, 
{"time":18,"state":{"roads":[{"speedlimit":120,"co2":1406,"weather":"SUNNY","vehicles":["v1"],"id":"r1"}],"vehicles":[{"distance":1440,"road":"r1","co2":1440,"location":1440,"id":"v1","class":1,"speed":80,"status":"TRAVELING"}],"junctions":[{"green":"none","queues":[],"id":"j1"},{"green":"r1","queues":[{"road":"r1","vehicles":[]}],"id":"j2"}]}}, 
{"time":19,"state":{"roads":[{"speedlimit":120,"co2":1484,"weather":"SUNNY","vehicles":["v1"],"id":"r1"}],"vehicles":[{"distance":1520,"road":"r1","co2":1520,"location":1520,"id":"v1","class":1,"speed":80,"status":"TRAVELING"}],"junctions":[{"green":"none","queues":[],"id":"j1"},{"green":"r1","queues":[{"road":"r1","vehicles":[]}],"id":"j2"}]}}, 
{"time":20,"state":{"roads":[{"speedlimit":120,"co2":1562,"weather":"SUNNY","vehicles":["v1"],"id":"r1"}],"vehicles":[{"distance":1600,"road":"r1","co2":1600,"location":1600,"id":"v1","class":1,"speed":80,"status":"TRAVELING"}],"junctions":[{"green":"none","queues":[],"id":"j1"},{"green":"r1","queues":[{"road":"r1","vehicles":[]}],"id":"j2"}]}}, 
{"time":21,"state":{"roads":[{"speedlimit":120,"co2":1640,"weather":"SUNNY","vehicles":["v1"],"id":"r1"}],"vehicles":[{"distance":1680,"road":"r1","co2":1680,"location":1680,"id":"v1","class":1,"speed":80,"status":"TRAVELING"}],"junctions":[{"green":"none","queues":[],"id":"j1"},{"green":"r1","queues":[{"road":"r1","vehicles":[]}],"id":"j2"}]}}, 
{"time":22,"state":{"roads":[{"speedlimit":120,"co2":1718,"weather":"SUNNY","vehicles":["v1"],"id":"r1"}],"vehicles":[{"distance":1760,"road":"r1","co2":1760,"location":1760,"id":"v1","class":1,"speed":80,"status":"TRAVELING"}],"junctions":[{"green":"none","queues":[],"id":"j1"},{"green":"r1","queues":[{"road":"r1","vehicles":[]}],"id":"j2"}]}}, 
{"time":23,"state":{"roads":[{"speedlimit":120,"co2":1796,"weather":"SUNNY","vehicles":["v1"],"id":"r1"}],"vehicles":[{"distance":1840,"road":"r1","co2":1840,"location":1840,"id":"v1","class":1,"speed":80,"status":"TRAVELING"}],"junctions":[{"green":"none","queues":[],"id":"j1"},{"green":"r1","queues":[{"road":"r1","vehicles":[]}],"id":"j2"}]}}, 
{"time":24,"state":{"roads":[{"speedlimit":120,"co2":1874,"weather":"SUNNY","vehicles":["v1"],"id":"r1"}],"vehicles":[{"distance":1920,"road":"r1","co2":1920,"location":1920,"id":"v1","class":1,"speed":80,"status":"TRAVELING"}],"junctions":[{"green":"none","queues":[],"id":"j1"},{"green":"r1","queues":[{"road":"r1","vehicles":[]}],"id":"j2"}]}}, 
{"time":25,"state":{"roads":[{"speedlimit":120,"co2":1952,"weather":"SUNNY","vehicles":["v1"],"id":"r1"}],"vehicles":[{"distance":2000,"road":"r1","co2":2000,"location":2000,"id":"v1","class":1,"speed":80,"status":"TRAVELING"}],"junctions":[{"green":"none","queues":[],"id":"j1"},{"green":"r1","queues":[{"road":"r1","vehicles":[]}],"id":"j2"}]}}, 
{"time":26,"state":{"roads":[{"speedlimit":120,"co2":2030,"weather":"SUNNY","vehicles":["v1"],"id":"r1"}],"vehicles":[{"distance":2080,"road":"r1","co2":2080,"location":2080,"id":"v1","class":1,"speed":80,"status":"TRAVELING"}],"junctions":[{"green":"none","queues":[],"id":"j1"},{"green":"r1","queues":[{"road":"r1","vehicles":[]}],"id":"j2"}]}}, 
{"time":27,"state":{"roads":[{"speedlimit":120,"co2":2108,"weather":"SUNNY","vehicles":["v1"],"id":"r1"}],"vehicles":[{"distance":2160,"road":"r1","co2":2160,"location":2160,"id":"v1","class":1,"speed":80,"status":"TRAVELING"}],"junctions":[{"green":"none","queues":[],"id":"j1"},{"green":"r1","queues":[{"road":"r1","vehicles":[]}],"id":"j2"}]}}, 
{"time":28,"state":{"roads":[{"speedlimit":120,"co2":2186,"weather":"SUNNY","vehicles":["v1"],"id":"r1"}],"vehicles":[{"distance":2240,"road":"r1","co2":2240,"location":2240,"id":"v1","class":1,"speed":80,"status":"TRAVELING"}],"junctions":[{"green":"none","queues":[],"id":"j1"},{"green":"r1","queues":[{"road":"r1","vehicles":[]}],"id":"j2"}]}}, 
{"time":29,"state":{"roads":[{"speedlimit":120,"co2":2264,"weather":"SUNNY","vehicles":["v1"],"id":"r1"}],"vehicles":[{"distance":2320,"road":"r1","co2":2320,"location":2320,"id":"v1","class":1,"speed":80,"status":"TRAVELING"}],"junctions":[{"green":"none","queues":[],"id":"j1"},{"green":"r1","queues":[{"road":"r1","vehicles":[]}],"id":"j2"}]}}, 
{"time":30,"state":{"roads":[{"speedlimit":120,"co2":2342,"weather":"SUNNY","vehicles":["v1"],"id":"r1"}],"vehicles":[{"distance":2400,"road":"r1","co2":2400,"location":2400,"id":"v1","class":1,"speed":80,"status":"TRAVELING"}],"junctions":[{"green":"none","queues":[],"id":"j1"},{"green":"r1","queues":[{"road":"r1","vehicles":[]}],"id":"j2"}]}}, 
{"time":31,"state":{"roads":[{"speedlimit":120,"co2":2420,"weather":"SUNNY","vehicles":["v1"],"id":"r1"}],"vehicles":[{"distance":2480,"road":"r1","co2":2480,"location":2480,"id":"v1","class":1,"speed":80,"status":"TRAVELING"}],"junctions":[{"green":"none","queues":[],"id":"j1"},{"green":"r1","queues":[{"road":"r1","vehicles":[]}],"id":"j2"}]}}, 
{"time":32,"state":{"roads":[{"speedlimit":120,"co2":2498,"weather":"SUNNY","vehicles":["v1"],"id":"r1"}],"vehicles":[{"distance":2560,"road":"r1","co2":2560,"location":2560,"id":"v1","class":1,"speed":80,"status":"TRAVELING"}],"junctions":[{"green":"none","queues":[],"id":"j1"},{"green":"r1","queues":[{"road":"r1","vehicles":[]}],"id":"j2"}]}}, 
{"time":33,"state":{"roads":[{"speedlimit":120,"co2":2576,"weather":"SUNNY","vehicles":["v1"],"id":"r1"}],"vehicles":[{"distance":2640,"road":"r1","co2":2640,"location":2640,"id":"v1","class":1,"speed":80,"status":"TRAVELING"}],"junctions":[{"green":"none","queues":[],"id":"j1"},{"green":"r1","queues":[{"road":"r1","vehicles":[]}],"id":"j2"}]}}, 
{"time":34,"state":{"roads":[{"speedlimit":120,"co2":2654,"weather":"SUNNY","vehicles":["v1"],"id":"r1"}],"vehicles":[{"distance":2720,"road":"r1","co2":2720,"location":2720,"id":"v1","class":1,"speed":80,"status":"TRAVELING"}],"junctions":[{"green":"none","queues":[],"id":"j1"},{"green":"r1","queues":[{"road":"r1","vehicles":[]}],"id":"j2"}]}}, 
{"time":35,"state":{"roads":[{"speedlimit":120,"co2":2732,"weather":"SUNNY","vehicles":["v1"],"id":"r1"}],"vehicles":[{"distance":2800,"road":"r1","co2":2800,"location":2800,"id":"v1","class":1,"speed":80,"status":"TRAVELING"}],"junctions":[{"green":"none","queues":[],"id":"j1"},{"green":"r1","queues":[{"road":"r1","vehicles":[]}],"id":"j2"}]}}, 
{"time":36,"state":{"roads":[{"speedlimit":120,"co2":2810,"weather":"SUNNY","vehicles":["v1"],"id":"r1"}],"vehicles":[{"distance":2880,"road":"r1","co2":2880,"location":2880,"id":"v1","class":1,"speed":80,"status":"TRAVELING"}],"junctions":[{"green":"none","queues":[],"id":"j1"},{"green":"r1","queues":[{"road":"r1","vehicles":[]}],"id":"j2"}]}}, 
{"time":37,"state":{"roads":[{"speedlimit":120,"co2":2888,"weather":"SUNNY","vehicles":["v1"],"id":"r1"}],"vehicles":[{"distance":2960,"road":"r1","co2":2960,"location":2960,"id":"v1","class":1,"speed":80,"status":"TRAVELING"}],"junctions":[{"green":"none","queues":[],"id":"j1"},{"green":"r1","queues":[{"road":"r1","vehicles":[]}],"id":"j2"}]}}, 
{"time":38,"state":{"roads":[{"speedlimit":120,"co2":2966,"weather":"SUNNY","vehicles":["v1"],"id":"r1"}],"vehicles":[{"distance":3040,"road":"r1","co2":3040,"location":3040,"id":"v1","class":1,"speed":80,"status":"TRAVELING"}],"junctions":[{"green":"none","queues":[],"id":"j1"},{"green":"r1","queues":[{"road":"r1","vehicles":[]}],"id":"j2"}]}}, 
{"time":39,"state":{"roads":[{"speedlimit":120,"co2":3044,"weather":"SUNNY","vehicles":["v1"],"id":"r1"}],"vehicles":[{"distance":3120,"road":"r1","co2":3120,"location":3120,"id":"v1","class":1,"speed":80,"status":"TRAVELING"}],"junctions":[{"green":"none","queues":[],"id":"j1"},{"green":"r1","queues":[{"road":"r1","vehicles":[]}],"id":"j2"}]}}, 
{"time":40,"state":{"roads":[{"speedlimit":120,"co2":3122,"weather":"SUNNY","vehicles":["v1"],"id":"r1"}],"vehicles":[{"distance":3200,"road":"r1","co2":3200,"location":3200,"id":"v1","class":1,"speed":80,"status":"TRAVELING"}],"junctions":[{"green":"none","queues":[],"id":"j1"},{"green":"r1","queues":[{"road":"r1","vehicles":[]}],"id":"j2"}]}}, 
{"time":41,"state":{"roads":[{"speedlimit":120,"co2":3200,"weather":"SUNNY","vehicles":["v1"],"id":"r1"}],"vehicles":[{"distance":3280,"road":"r1","co2":3280,"location":3280,"id":"v1","class":1,"speed":80,"status":"TRAVELING"}],"junctions":[{"green":"none","queues":[],"id":"j1"},{"green":"r1","queues":[{"road":"r1","vehicles":[]}],"id":"j2"}]}}, 
{"time":42,"state":{"roads":[{"speedlimit":120,"co2":3278,"weather":"SUNNY","vehicles":["v1"],"id":"r1"}],"vehicles":[{"distance":3360,"road":"r1","co2":3360,"location":3360,"id":"v1","class":1,"speed":80,"status":"TRAVELING"}],"junctions":[{"green":"none","queues":[],"id":"j1"},{"green":"r1","queues":[{"road":"r1","vehicles":[]}],"id":"j2"}]}}, 
{"time":43,"state":{"roads":[{"speedlimit":120,"co2":3356,"weather":"SUNNY","vehicles":["v1"],"id":"r1"}],"vehicles":[{"distance":3440,"road":"r1","co2":3440,"location":3440,"id":"v1","class":1,"speed":80,"status":"TRAVELING"}],"junctions":[{"green":"none","queues":[],"id":"j1"},{"green":"r1","queues":[{"road":"r1","vehicles":[]}],"id":"j2"}]}}, 
{"time":44,"state":{"roads":[{"speedlimit":120,"co2":3434,"weather":"SUNNY","vehicles":["v1"],"id":"r1"}],"vehicles":[{"distance":3520,"road":"r1","co2":3520,"location":3520,"id":"v1","class":1,"speed":80,"status":"TRAVELING"}],"junctions":[{"green":"none","queues":[],"id":"j1"},{"green":"r1","queues":[{"road":"r1","vehicles":[]}],"id":"j2"}]}}, 
{"time":45,"state":{"roads":[{"speedlimit":120,"co2":3512,"weather":"SUNNY","vehicles":["v1"],"id":"r1"}],"vehicles":[{"distance":3600,"road":"r1","co2":3600,"location":3600,"id":"v1","class":1,"speed":80,"status":"TRAVELING"}],"junctions":[{"green":"none","queues":[],"id":"j1"},{"green":"r1","queues":[{"road":"r1","vehicles":[]}],"id":"j2"}]}}, 
{"time":46,"state":{"roads":[{"speedlimit":120,"co2":3590,"weather":"SUNNY","vehicles":["v1"],"id":"r1"}],"vehicles":[{"distance":3680,"road":"r1","co2":3680,"location":3680,"id":"v1","class":1,"speed":80,"status":"TRAVELING"}],"junctions":[{"green":"none","queues":[],"id":"j1"},{"green":"r1","queues":[{"road":"r1","vehicles":[]}],"id":"j2"}]}}, 
{"time":47,"state":{"roads":[{"speedlimit":120,"co2":3668,"weather":"SUNNY","vehicles":["v1"],"id":"r1"}],"vehicles":[{"distance":3760,"road":"r1","co2":3760,"location":3760,"id":"v1","class":1,"speed":80,"status":"TRAVELING"}],"junctions":[{"green":"none","queues":[],"id":"j1"},{"green":"r1","queues":[{"road":"r1","vehicles":[]}],"id":"j2"}]}}, 
{"time":48,"state":{"roads":[{"speedlimit":120,"co2":3746,"weather":"SUNNY","vehicles":["v1"],"id":"r1"}],"vehicles":[{"distance":3840,"road":"r1","co2":3840,"location":3840,"id":"v1","class":1,"speed":80,"status":"TRAVELING"}],"junctions":[{"green":"none","queues":[],"id":"j1"},{"green":"r1","queues":[{"road":"r1","vehicles":[]}],"id":"j2"}]}}, 
{"time":49,"state":{"roads":[{"speedlimit":120,"co2":3824,"weather":"SUNNY","vehicles":["v1"],"id":"r1"}],"vehicles":[{"distance":3920,"road":"r1","co2":3920,"location":3920,"id":"v1","class":1,"speed":80,"status":"TRAVELING"}],"junctions":[{"green":"none","queues":[],"id":"j1"},{"green":"r1","queues":[{"road":"r1","vehicles":[]}],"id":"j2"}]}}, 
{"time":50,"state":{"roads":[{"speedlimit":120,"co2":3902,"weather":"SUNNY","vehicles":["v1"],"id":"r1"}],"vehicles":[{"distance":4000,"road":"r1","co2":4000,"location":4000,"id":"v1","class":1,"speed":80,"status":"TRAVELING"}],"junctions":[{"green":"none","queues":[],"id":"j1"},{"green":"r1","queues":[{"road":"r1","vehicles":[]}],"id":"j2"}]}}, 
{"time":51,"state":{"roads":[{"speedlimit":120,"co2":3980,"weather":"SUNNY","vehicles":["v1"],"id":"r1"}],"vehicles":[{"distance":4080,"road":"r1","co2":4080,"location":4080,"id":"v1","class":1,"speed":80,"status":"TRAVELING"}],"junctions":[{"green":"none","queues":[],"id":"j1"},{"green":"r1","queues":[{"road":"r1","vehicles":[]}],"id":"j2"}]}}, 
{"time":52,"state":{"roads":[{"speedlimit":120,"co2":4058,"weather":"SUNNY","vehicles":["v1"],"id":"r1"}],"vehicles":[{"distance":4160,"road":"r1","co2":4160,"location":4160,"id":"v1","class":1,"speed":80,"status":"TRAVELING"}],"junctions":[{"green":"none","queues":[],"id":"j1"},{"green":"r1","queues":[{"road":"r1","vehicles":[]}],"id":"j2"}]}}, 
{"time":53,"state":{"roads":[{"speedlimit":120,"co2":4136,"weather":"SUNNY","vehicles":["v1"],"id":"r1"}],"vehicles":[{"distance":4240,"road":"r1","co2":4240,"location":4240,"id":"v1","class":1,"speed":80,"status":"TRAVELING"}],"junctions":[{"green":"none","queues":[],"id":"j1"},{"green":"r1","queues":[{"road":"r1","vehicles":[]}],"id":"j2"}]}}, 
{"time":54,"state":{"roads":[{"speedlimit":120,"co2":4214,"weather":"SUNNY","vehicles":["v1"],"id":"r1"}],"vehicles":[{"distance":4320,"road":"r1","co2":4320,"location":4320,"id":"v1","class":1,"speed":80,"status":"TRAVELING"}],"junctions":[{"green":"none","queues":[],"id":"j1"},{"green":"r1","queues":[{"road":"r1","vehicles":[]}],"id":"j2"}]}}, 
{"time":55,"state":{"roads":[{"speedlimit":120,"co2":4292,"weather":"SUNNY","vehicles":["v1"],"id":"r1"}],"vehicles":[{"distance":4400,"road":"r1","co2":4400,"location":4400,"id":"v1","class":1,"speed":80,"status":"TRAVELING"}],"junctions":[{"green":"none","queues":[],"id":"j1"},{"green":"r1","queues":[{"road":"r1","vehicles":[]}],"id":"j2"}]}}, 
{"time":56,"state":{"roads":[{"speedlimit":120,"co2":4370,"weather":"SUNNY","vehicles":["v1"],"id":"r1"}],"vehicles":[{"distance":4480,"road":"r1","co2":4480,"location":4480,"id":"v1","class":1,"speed":80,"status":"TRAVELING"}],"junctions":[{"green":"none","queues":[],"id":"j1"},{"green":"r1","queues":[{"road":"r1","vehicles":[]}],"id":"j2"}]}}, 
{"time":57,"state":{"roads":[{"speedlimit":120,"co2":4448,"weather":"SUNNY","vehicles":["v1"],"id":"r1"}],"vehicles":[{"distance":4560,"road":"r1","co2":4560,"location":4560,"id":"v1","class":1,"speed":80,"status":"TRAVELING"}],"junctions":[{"green":"none","queues":[],"id":"j1"},{"green":"r1","queues":[{"road":"r1","vehicles":[]}],"id":"j2"}]}}, 
{"time":58,"state":{"roads":[{"speedlimit":120,"co2":4526,"weather":"SUNNY","vehicles":["v1"],"id":"r1"}],"vehicles":[{"distance":4640,"road":"r1","co2":4640,"location":4640,"id":"v1","class":1,"speed":80,"status":"TRAVELING"}],"junctions":[{"green":"none","queues":[],"id":"j1"},{"green":"r1","queues":[{"road":"r1","vehicles":[]}],"id":"j2"}]}}, 
{"time":59,"state":{"roads":[{"speedlimit":120,"co2":4604,"weather":"SUNNY","vehicles":["v1"],"id":"r1"}],"vehicles":[{"distance":4720,"road":"r1","co2":4720,"location":4720,"id":"v1","class":1,"speed":80,"status":"TRAVELING"}],"junctions":[{"green":"none","queues":[],"id":"j1"},{"green":"r1","queues":[{"road":"r1","vehicles":[]}],"id":"j2"}]}}, 
{"time":60,"state":{"roads":[{"speedlimit":120,"co2":4682,"weather":"SUNNY","vehicles":["v1"],"id":"r1"}],"vehicles":[{"distance":4800,"road":"r1","co2":4800,"location":4800,"id":"v1","class":1,"speed":80,"status":"TRAVELING"}],"junctions":[{"green":"none","queues":[],"id":"j1"},{"green":"r1","queues":[{"road":"r1","vehicles":[]}],"id":"j2"}]}}, 
{"time":61,"state":{"roads":[{"speedlimit":120,"co2":4760,"weather":"SUNNY","vehicles":["v1"],"id":"r1"}],"vehicles":[{"distance":4880,"road":"r1","co2":4880,"location":4880,"id":"v1","class":1,"speed":80,"status":"TRAVELING"}],"junctions":[{"green":"none","queues":[],"id":"j1"},{"green":"r1","queues":[{"road":"r1","vehicles":[]}],"id":"j2"}]}}, 
{"time":62,"state":{"roads":[{"speedlimit":120,"co2":4838,"weather":"SUNNY","vehicles":["v1"],"id":"r1"}],"vehicles":[{"distance":4960,"road":"r1","co2":4960,"location":4960,"id":"v1","class":1,"speed":80,"status":"TRAVELING"}],"junctions":[{"green":"none","queues":[],"id":"j1"},{"green":"r1","queues":[{"road":"r1","vehicles":[]}],"id":"j2"}]}}, 
{"time":63,"state":{"roads":[{"speedlimit":120,"co2":4916,"weather":"SUNNY","vehicles":["v1"],"id":"r1"}],"vehicles":[{"distance":5040,"road":"r1","co2":5040,"location":5040,"id":"v1","class":1,"speed":80,"status":"TRAVELING"}],"junctions":[{"green":"none","queues":[],"id":"j1"},{"green":"r1","queues":[{"road":"r1","vehicles":[]}],"id":"j2"}]}}, 
{"time":64,"state":{"roads":[{"speedlimit":120,"co2":4994,"weather":"SUNNY","vehicles":["v1"],"id":"r1"}],"vehicles":[{"distance":5120,"road":"r1","co2":5120,"location":5120,"id":"v1","class":1,"speed":80,"status":"TRAVELING"}],"junctions":[{"green":"none","queues":[],"id":"j1"},{"green":"r1","queues":[{"road":"r1","vehicles":[]}],"id":"j2"}]}}, 
{"time":65,"state":{"roads":[{"speedlimit":120,"co2":5072,"weather":"SUNNY","vehicles":["v1"],"id":"r1"}],"vehicles":[{"distance":5200,"road":"r1","co2":5200,"location":5200,"id":"v1","class":1,"speed":80,"status":"TRAVELING"}],"junctions":[{"green":"none","queues":[],"id":"j1"},{"green":"r1","queues":[{"road":"r1","vehicles":[]}],"id":"j2"}]}}, 
{"time":66,"state":{"roads":[{"speedlimit":120,"co2":5150,"weather":"SUNNY","vehicles":["v1"],"id":"r1"}],"vehicles":[{"distance":5280,"road":"r1","co2":5280,"location":5280,"id":"v1","class":1,"speed":80,"status":"TRAVELING"}],"junctions":[{"green":"none","queues":[],"id":"j1"},{"green":"r1","queues":[{"road":"r1","vehicles":[]}],"id":"j2"}]}}, 
{"time":67,"state":{"roads":[{"speedlimit":120,"co2":5228,"weather":"SUNNY","vehicles":["v1"],"id":"r1"}],"vehicles":[{"distance":5360,"road":"r1","co2":5360,"location":5360,"id":"v1","class":1,"speed":80,"status":"TRAVELING"}],"junctions":[{"green":"none","queues":[],"id":"j1"},{"green":"r1","queues":[{"road":"r1","vehicles":[]}],"id":"j2"}]}}, 
{"time":68,"state":{"roads":[{"speedlimit":120,"co2":5306,"weather":"SUNNY","vehicles":["v1"],"id":"r1"}],"vehicles":[{"distance":5440,"road":"r1","co2":5440,"location":5440,"id":"v1","class":1,"speed":80,"status":"TRAVELING"}],"junctions":[{"green":"none","queues":[],"id":"j1"},{"green":"r1","queues":[{"road":"r1","vehicles":[]}],"id":"j2"}]}}, 
{"time":69,"state":{"roads":[{"speedlimit":120,"co2":5384,"weather":"SUNNY","vehicles":["v1"],"id":"r1"}],"vehicles":[{"distance":5520,"road":"r1","co2":5520,"location":5520,"id":"v1","class":1,"speed":80,"status":"TRAVELING"}],"junctions":[{"green":"none","queues":[],"id":"j1"},{"green":"r1","queues":[{"road":"r1","vehicles":[]}],"id":"j2"}]}}, 
{"time":70,"state":{"roads":[{"speedlimit":120,"co2":5462,"weather":"SUNNY","vehicles":["v1"],"id":"r1"}],"vehicles":[{"distance":5600,"road":"r1","co2":5600,"location":5600,"id":"v1","class":1,"speed":80,"status":"TRAVELING"}],"junctions":[{"green":"none","queues":[],"id":"j1"},{"green":"r1","queues":[{"road":"r1","vehicles":[]}],"id":"j2"}]}}, 
{"time":71,"state":{"roads":[{"speedlimit":120,"co2":5540,"weather":"SUNNY","vehicles":["v1"],"id":"r1"}],"vehicles":[{"distance":5680,"road":"r1","co2":5680,"location":5680,"id":"v1","class":1,"speed":80,"status":"TRAVELING"}],"junctions":[{"green":"none","queues":[],"id":"j1"},{"green":"r1","queues":[{"road":"r1","vehicles":[]}],"id":"j2"}]}}, 
{"time":72,"state":{"roads":[{"speedlimit":120,"co2":5618,"weather":"SUNNY","vehicles":["v1"],"id":"r1"}],"vehicles":[{"distance":5760,"road":"r1","co2":5760,"location":5760,"id":"v1","class":1,"speed":80,"status":"TRAVELING"}],"junctions":[{"green":"none","queues":[],"id":"j1"},{"green":"r1","queues":[{"road":"r1","vehicles":[]}],"id":"j2"}]}}, 
{"time":73,"state":{"roads":[{"speedlimit":120,"co2":5696,"weather":"SUNNY","vehicles":["v1"],"id":"r1"}],"vehicles":[{"distance":5840,"road":"r1","co2":5840,"location":5840,"id":"v1","class":1,"speed":80,"status":"TRAVELING"}],"junctions":[{"green":"none","queues":[],"id":"j1"},{"green":"r1","queues":[{"road":"r1","vehicles":[]}],"id":"j2"}]}}, 
{"time":74,"state":{"roads":[{"speedlimit":120,"co2":5774,"weather":"SUNNY","vehicles":["v1"],"id":"r1"}],"vehicles":[{"distance":5920,"road":"r1","co2":5920,"location":5920,"id":"v1","class":1,"speed":80,"status":"TRAVELING"}],"junctions":[{"green":"none","queues":[],"id":"j1"},{"green":"r1","queues":[{"road":"r1","vehicles":[]}],"id":"j2"}]}}, 
{"time":75,"state":{"roads":[{"speedlimit":120,"co2":5852,"weather":"SUNNY","vehicles":["v1"],"id":"r1"}],"vehicles":[{"distance":6000,"road":"r1","co2":6000,"location":6000,"id":"v1","class":1,"speed":80,"status":"TRAVELING"}],"junctions":[{"green":"none","queues":[],"id":"j1"},{"green":"r1","queues":[{"road":"r1","vehicles":[]}],"id":"j2"}]}}, 
{"time":76,"state":{"roads":[{"speedlimit":120,"co2":5930,"weather":"SUNNY","vehicles":["v1"],"id":"r1"}],"vehicles":[{"distance":6080,"road":"r1","co2":6080,"location":6080,"id":"v1","class":1,"speed":80,"status":"TRAVELING"}],"junctions":[{"green":"none","queues":[],"id":"j1"},{"green":"r1","queues":[{"road":"r1","vehicles":[]}],"id":"j2"}]}}, 
{"time":77,"state":{"roads":[{"speedlimit":120,"co2":6008,"weather":"SUNNY","vehicles":["v1"],"id":"r1"}],"vehicles":[{"distance":6160,"road":"r1","co2":6160,"location":6160,"id":"v1","class":1,"speed":80,"status":"TRAVELING"}],"junctions":[{"green":"none","queues":[],"id":"j1"},{"green":"r1","queues":[{"road":"r1","vehicles":[]}],"id":"j2"}]}}, 
{"time":78,"state":{"roads":[{"speedlimit":120,"co2":6086,"weather":"SUNNY","vehicles":["v1"],"id":"r1"}],"vehicles":[{"distance":6240,"road":"r1","co2":6240,"location":6240,"id":"v1","class":1,"speed":80,"status":"TRAVELING"}],"junctions":[{"green":"none","queues":[],"id":"j1"},{"green":"r1","queues":[{"road":"r1","vehicles":[]}],"id":"j2"}]}}, 
{"time":79,"state":{"roads":[{"speedlimit":120,"co2":6164,"weather":"SUNNY","vehicles":["v1"],"id":"r1"}],"vehicles":[{"distance":6320,"road":"r1","co2":6320,"location":6320,"id":"v1","class":1,"speed":80,"status":"TRAVELING"}],"junctions":[{"green":"none","queues":[],"id":"j1"},{"green":"r1","queues":[{"road":"r1","vehicles":[]}],"id":"j2"}]}}, 
{"time":80,"state":{"roads":[{"speedlimit":120,"co2":6242,"weather":"SUNNY","vehicles":["v1"],"id":"r1"}],"vehicles":[{"distance":6400,"road":"r1","co2":6400,"location":6400,"id":"v1","class":1,"speed":80,"status":"TRAVELING"}],"junctions":[{"green":"none","queues":[],"id":"j1"},{"green":"r1","queues":[{"road":"r1","vehicles":[]}],"id":"j2"}]}}, 
{"time":81,"state":{"roads":[{"speedlimit":120,"co2":6320,"weather":"SUNNY","vehicles":["v1"],"id":"r1"}],"vehicles":[{"distance":6480,"road":"r1","co2":6480,"location":6480,"id":"v1","class":1,"speed":80,"status":"TRAVELING"}],"junctions":[{"green":"none","queues":[],"id":"j1"},{"green":"r1","queues":[{"road":"r1","vehicles":[]}],"id":"j2"}]}}, 
{"time":82,"state":{"roads":[{"speedlimit":120,"co2":6398,"weather":"SUNNY","vehicles":["v1"],"id":"r1"}],"vehicles":[{"distance":6560,"road":"r1","co2":6560,"location":6560,"id":"v1","class":1,"speed":80,"status":"TRAVELING"}],"junctions":[{"green":"none","queues":[],"id":"j1"},{"green":"r1","queues":[{"road":"r1","vehicles":[]}],"id":"j2"}]}}, 
{"time":83,"state":{"roads":[{"speedlimit":120,"co2":6476,"weather":"SUNNY","vehicles":["v1"],"id":"r1"}],"vehicles":[{"distance":6640,"road":"r1","co2":6640,"location":6640,"id":"v1","class":1,"speed":80,"status":"TRAVELING"}],"junctions":[{"green":"none","queues":[],"id":"j1"},{"green":"r1","queues":[{"road":"r1","vehicles":[]}],"id":"j2"}]}}, 
{"time":84,"state":{"roads":[{"speedlimit":120,"co2":6554,"weather":"SUNNY","vehicles":["v1"],"id":"r1"}],"vehicles":[{"distance":6720,"road":"r1","co2":6720,"location":6720,"id":"v1","class":1,"speed":80,"status":"TRAVELING"}],"junctions":[{"green":"none","queues":[],"id":"j1"},{"green":"r1","queues":[{"road":"r1","vehicles":[]}],"id":"j2"}]}}, 
{"time":85,"state":{"roads":[{"speedlimit":120,"co2":6632,"weather":"SUNNY","vehicles":["v1"],"id":"r1"}],"vehicles":[{"distance":6800,"road":"r1","co2":6800,"location":6800,"id":"v1","class":1,"speed":80,"status":"TRAVELING"}],"junctions":[{"green":"none","queues":[],"id":"j1"},{"green":"r1","queues":[{"road":"r1","vehicles":[]}],"id":"j2"}]}}, 
{"time":86,"state":{"roads":[{"speedlimit":120,"co2":6710,"weather":"SUNNY","vehicles":["v1"],"id":"r1"}],"vehicles":[{"distance":6880,"road":"r1","co2":6880,"location":6880,"id":"v1","class":1,"speed":80,"status":"TRAVELING"}],"junctions":[{"green":"none","queues":[],"id":"j1"},{"green":"r1","queues":[{"road":"r1","vehicles":[]}],"id":"j2"}]}}, 
{"time":87,"state":{"roads":[{"speedlimit":120,"co2":6788,"weather":"SUNNY","vehicles":["v1"],"id":"r1"}],"vehicles":[{"distance":6960,"road":"r1","co2":6960,"location":6960,"id":"v1","class":1,"speed":80,"status":"TRAVELING"}],"junctions":[{"green":"none","queues":[],"id":"j1"},{"green":"r1","queues":[{"road":"r1","vehicles":[]}],"id":"j2"}]}}, 
{"time":88,"state":{"roads":[{"speedlimit":120,"co2":6866,"weather":"SUNNY","vehicles":["v1"],"id":"r1"}],"vehicles":[{"distance":7040,"road":"r1","co2":7040,"location":7040,"id":"v1","class":1,"speed":80,"status":"TRAVELING"}],"junctions":[{"green":"none","queues":[],"id":"j1"},{"green":"r1","queues":[{"road":"r1","vehicles":[]}],"id":"j2"}]}}, 
{"time":89,"state":{"roads":[{"speedlimit":120,"co2":6944,"weather":"SUNNY","vehicles":["v1"],"id":"r1"}],"vehicles":[{"distance":7120,"road":"r1","co2":7120,"location":7120,"id":"v1","class":1,"speed":80,"status":"TRAVELING"}],"junctions":[{"green":"none","queues":[],"id":"j1"},{"green":"r1","queues":[{"road":"r1","vehicles":[]}],"id":"j2"}]}}, 
{"time":90,"state":{"roads":[{"speedlimit":120,"co2":7022,"weather":"SUNNY","vehicles":["v1"],"id":"r1"}],"vehicles":[{"distance":7200,"road":"r1","co2":7200,"location":7200,"id":"v1","class":1,"speed":80,"status":"TRAVELING"}],"junctions":[{"green":"none","queues":[],"id":"j1"},{"green":"r1","queues":[{"road":"r1","vehicles":[]}],"id":"j2"}]}}, 
{"time":91,"state":{"roads":[{"speedlimit":120,"co2":7100,"weather":"SUNNY","vehicles":["v1"],"id":"r1"}],"vehicles":[{"distance":7280,"road":"r1","co2":7280,"location":7280,"id":"v1","class":1,"speed":80,"status":"TRAVELING"}],"junctions":[{"green":"none","queues":[],"id":"j1"},{"green":"r1","queues":[{"road":"r1","vehicles":[]}],"id":"j2"}]}}, 
{"time":92,"state":{"roads":[{"speedlimit":120,"co2":7178,"weather":"SUNNY","vehicles":["v1"],"id":"r1"}],"vehicles":[{"distance":7360,"road":"r1","co2":7360,"location":7360,"id":"v1","class":1,"speed":80,"status":"TRAVELING"}],"junctions":[{"green":"none","queues":[],"id":"j1"},{"green":"r1","queues":[{"road":"r1","vehicles":[]}],"id":"j2"}]}}, 
{"time":93,"state":{"roads":[{"speedlimit":120,"co2":7256,"weather":"SUNNY","vehicles":["v1"],"id":"r1"}],"vehicles":[{"distance":7440,"road":"r1","co2":7440,"location":7440,"id":"v1","class":1,"speed":80,"status":"TRAVELING"}],"junctions":[{"green":"none","queues":[],"id":"j1"},{"green":"r1","queues":[{"road":"r1","vehicles":[]}],"id":"j2"}]}}, 
{"time":94,"state":{"roads":[{"speedlimit":120,"co2":7334,"weather":"SUNNY","vehicles":["v1"],"id":"r1"}],"vehicles":[{"distance":7520,"road":"r1","co2":7520,"location":7520,"id":"v1","class":1,"speed":80,"status":"TRAVELING"}],"junctions":[{"green":"none","queues":[],"id":"j1"},{"green":"r1","queues":[{"road":"r1","vehicles":[]}],"id":"j2"}]}}, 
{"time":95,"state":{"roads":[{"speedlimit":120,"co2":7412,"weather":"SUNNY","vehicles":["v1"],"id":"r1"}],"vehicles":[{"distance":7600,"road":"r1","co2":7600,"location":7600,"id":"v1","class":1,"speed":80,"status":"TRAVELING"}],"junctions":[{"green":"none","queues":[],"id":"j1"},{"green":"r1","queues":[{"road":"r1","vehicles":[]}],"id":"j2"}]}}, 
{"time":96,"state":{"roads":[{"speedlimit":120,"co2":7490,"weather":"SUNNY","vehicles":["v1"],"id":"r1"}],"vehicles":[{"distance":7680,"road":"r1","co2":7680,"location":7680,"id":"v1","class":1,"speed":80,"status":"TRAVELING"}],"junctions":[{"green":"none","queues":[],"id":"j1"},{"green":"r1","queues":[{"road":"r1","vehicles":[]}],"id":"j2"}]}}, 
{"time":97,"state":{"roads":[{"speedlimit":120,"co2":7568,"weather":"SUNNY","vehicles":["v1"],"id":"r1"}],"vehicles":[{"distance":7760,"road":"r1","co2":7760,"location":7760,"id":"v1","class":1,"speed":80,"status":"TRAVELING"}],"junctions":[{"green":"none","queues":[],"id":"j1"},{"green":"r1","queues":[{"road":"r1","vehicles":[]}],"id":"j2"}]}}, 
{"time":98,"state":{"roads":[{"speedlimit":120,"co2":7646,"weather":"SUNNY","vehicles":["v1"],"id":"r1"}],"vehicles":[{"distance":7840,"road":"r1","co2":7840,"location":7840,"id":"v1","class":1,"speed":80,"status":"TRAVELING"}],"junctions":[{"green":"none","queues":[],"id":"j1"},{"green":"r1","queues":[{"road":"r1","vehicles":[]}],"id":"j2"}]}}, 
{"time":99,"state":{"roads":[{"speedlimit":120,"co2":7724,"weather":"SUNNY","vehicles":["v1"],"id":"r1"}],"vehicles":[{"distance":7920,"road":"r1","co2":7920,"location":7920,"id":"v1","class":1,"speed":80,"status":"TRAVELING"}],"junctions":[{"green":"none","queues":[],"id":"j1"},{"green":"r1","queues":[{"road":"r1","vehicles":[]}],"id":"j2"}]}}, 
{"time":100,"state":{"roads":[{"speedlimit":120,"co2":7802,"weather":"SUNNY","vehicles":["v1"],"id":"r1"}],"vehicles":[{"distance":8000,"road":"r1","co2":8000,"location":8000,"id":"v1","class":1,"speed":80,"status":"TRAVELING"}],"junctions":[{"green":"none","queues":[],"id":"j1"},{"green":"r1","queues":[{"road":"r1","vehicles":[]}],"id":"j2"}]}}, 
{"time":101,"state":{"roads":[{"speedlimit":120,"co2":7880,"weather":"SUNNY","vehicles":["v1"],"id":"r1"}],"vehicles":[{"distance":8080,"road":"r1","co2":8080,"location":8080,"id":"v1","class":1,"speed":80,"status":"TRAVELING"}],"junctions":[{"green":"none","queues":[],"id":"j1"},{"green":"r1","queues":[{"road":"r1","vehicles":[]}],"id":"j2"}]}}, 
{"time":102,"state":{"roads":[{"speedlimit":120,"co2":7958,"weather":"SUNNY","vehicles":["v1"],"id":"r1"}],"vehicles":[{"distance":8160,"road":"r1","co2":8160,"location":8160,"id":"v1","class":1,"speed":80,"status":"TRAVELING"}],"junctions":[{"green":"none","queues":[],"id":"j1"},{"green":"r1","queues":[{"road":"r1","vehicles":[]}],"id":"j2"}]}}, 
{"time":103,"state":{"roads":[{"speedlimit":120,"co2":8036,"weather":"SUNNY","vehicles":["v1"],"id":"r1"}],"vehicles":[{"distance":8240,"road":"r1","co2":8240,"location":8240,"id":"v1","class":1,"speed":80,"status":"TRAVELING"}],"junctions":[{"green":"none","queues":[],"id":"j1"},{"green":"r1","queues":[{"road":"r1","vehicles":[]}],"id":"j2"}]}}, 
{"time":104,"state":{"roads":[{"speedlimit":120,"co2":8114,"weather":"SUNNY","vehicles":["v1"],"id":"r1"}],"vehicles":[{"distance":8320,"road":"r1","co2":8320,"location":8320,"id":"v1","class":1,"speed":80,"status":"TRAVELING"}],"junctions":[{"green":"none","queues":[],"id":"j1"},{"green":"r1","queues":[{"road":"r1","vehicles":[]}],"id":"j2"}]}}, 
{"time":105,"state":{"roads":[{"speedlimit":120,"co2":8192,"weather":"SUNNY","vehicles":["v1"],"id":"r1"}],"vehicles":[{"distance":8400,"road":"r1","co2":8400,"location":8400,"id":"v1","class":1,"speed":80,"status":"TRAVELING"}],"junctions":[{"green":"none","queues":[],"id":"j1"},{"green":"r1","queues":[{"road":"r1","vehicles":[]}],"id":"j2"}]}}, 
{"time":106,"state":{"roads":[{"speedlimit":120,"co2":8270,"weather":"SUNNY","vehicles":["v1"],"id":"r1"}],"vehicles":[{"distance":8480,"road":"r1","co2":8480,"location":8480,"id":"v1","class":1,"speed":80,"status":"TRAVELING"}],"junctions":[{"green":"none","queues":[],"id":"j1"},{"green":"r1","queues":[{"road":"r1","vehicles":[]}],"id":"j2"}]}}, 
{"time":107,"state":{"roads":[{"speedlimit":120,"co2":8348,"weather":"SUNNY","vehicles":["v1"],"id":"r1"}],"vehicles":[{"distance":8560,"road":"r1","co2":8560,"location":8560,"id":"v1","class":1,"speed":80,"status":"TRAVELING"}],"junctions":[{"green":"none","queues":[],"id":"j1"},{"green":"r1","queues":[{"road":"r1","vehicles":[]}],"id":"j2"}]}}, 
{"time":108,"state":{"roads":[{"speedlimit":120,"co2":8426,"weather":"SUNNY","vehicles":["v1"],"id":"r1"}],"vehicles":[{"distance":8640,"road":"r1","co2":8640,"location":8640,"id":"v1","class":1,"speed":80,"status":"TRAVELING"}],"junctions":[{"green":"none","queues":[],"id":"j1"},{"green":"r1","queues":[{"road":"r1","vehicles":[]}],"id":"j2"}]}}, 
{"time":109,"state":{"roads":[{"speedlimit":120,"co2":8504,"weather":"SUNNY","vehicles":["v1"],"id":"r1"}],"vehicles":[{"distance":8720,"road":"r1","co2":8720,"location":8720,"id":"v1","class":1,"speed":80,"status":"TRAVELING"}],"junctions":[{"green":"none","queues":[],"id":"j1"},{"green":"r1","queues":[{"road":"r1","vehicles":[]}],"id":"j2"}]}}, 
{"time":110,"state":{"roads":[{"speedlimit":120,"co2":8582,"weather":"SUNNY","vehicles":["v1"],"id":"r1"}],"vehicles":[{"distance":8800,"road":"r1","co2":8800,"location":8800,"id":"v1","class":1,"speed":80,"status":"TRAVELING"}],"junctions":[{"green":"none","queues":[],"id":"j1"},{"green":"r1","queues":[{"road":"r1","vehicles":[]}],"id":"j2"}]}}, 
{"time":111,"state":{"roads":[{"speedlimit":120,"co2":8660,"weather":"SUNNY","vehicles":["v1"],"id":"r1"}],"vehicles":[{"distance":8880,"road":"r1","co2":8880,"location":8880,"id":"v1","class":1,"speed":80,"status":"TRAVELING"}],"junctions":[{"green":"none","queues":[],"id":"j1"},{"green":"r1","queues":[{"road":"r1","vehicles":[]}],"id":"j2"}]}}, 
{"time":112,"state":{"roads":[{"speedlimit":120,"co2":8738,"weather":"SUNNY","vehicles":["v1"],"id":"r1"}],"vehicles":[{"distance":8960,"road":"r1","co2":8960,"location":8960,"id":"v1","class":1,"speed":80,"status":"TRAVELING"}],"junctions":[{"green":"none","queues":[],"id":"j1"},{"green":"r1","queues":[{"road":"r1","vehicles":[]}],"id":"j2"}]}}, 
{"time":113,"state":{"roads":[{"speedlimit":120,"co2":8816,"weather":"SUNNY","vehicles":["v1"],"id":"r1"}],"vehicles":[{"distance":9040,"road":"r1","co2":9040,"location":9040,"id":"v1","class":1,"speed":80,"status":"TRAVELING"}],"junctions":[{"green":"none","queues":[],"id":"j1"},{"green":"r1","queues":[{"road":"r1","vehicles":[]}],"id":"j2"}]}}, 
{"time":114,"state":{"roads":[{"speedlimit":120,"co2":8894,"weather":"SUNNY","vehicles":["v1"],"id":"r1"}],"vehicles":[{"distance":9120,"road":"r1","co2":9120,"location":9120,"id":"v1","class":1,"speed":80,"status":"TRAVELING"}],"junctions":[{"green":"none","queues":[],"id":"j1"},{"green":"r1","queues":[{"road":"r1","vehicles":[]}],"id":"j2"}]}}, 
{"time":115,"state":{"roads":[{"speedlimit":120,"co2":8972,"weather":"SUNNY","vehicles":["v1"],"id":"r1"}],"vehicles":[{"distance":9200,"road":"r1","co2":9200,"location":9200,"id":"v1","class":1,"speed":80,"status":"TRAVELING"}],"junctions":[{"green":"none","queues":[],"id":"j1"},{"green":"r1","queues":[{"road":"r1","vehicles":[]}],"id":"j2"}]}}, 
{"time":116,"state":{"roads":[{"speedlimit":120,"co2":9050,"weather":"SUNNY","vehicles":["v1"],"id":"r1"}],"vehicles":[{"distance":9280,"road":"r1","co2":9280,"location":9280,"id":"v1","class":1,"speed":80,"status":"TRAVELING"}],"junctions":[{"green":"none","queues":[],"id":"j1"},{"green":"r1","queues":[{"road":"r1","vehicles":[]}],"id":"j2"}]}}, 
{"time":117,"state":{"roads":[{"speedlimit":120,"co2":9128,"weather":"SUNNY","vehicles":["v1"],"id":"r1"}],"vehicles":[{"distance":9360,"road":"r1","co2":9360,"location":9360,"id":"v1","class":1,"speed":80,"status":"TRAVELING"}],"junctions":[{"green":"none","queues":[],"id":"j1"},{"green":"r1","queues":[{"road":"r1","vehicles":[]}],"id":"j2"}]}}, 
{"time":118,"state":{"roads":[{"speedlimit":120,"co2":9206,"weather":"SUNNY","vehicles":["v1"],"id":"r1"}],"vehicles":[{"distance":9440,"road":"r1","co2":9440,"location":9440,"id":"v1","class":1,"speed":80,"status":"TRAVELING"}],"junctions":[{"green":"none","queues":[],"id":"j1"},{"green":"r1","queues":[{"road":"r1","vehicles":[]}],"id":"j2"}]}}, 
{"time":119,"state":{"roads":[{"speedlimit":120,"co2":9284,"weather":"SUNNY","vehicles":["v1"],"id":"r1"}],"vehicles":[{"distance":9520,"road":"r1","co2":9520,"location":9520,"id":"v1","class":1,"speed":80,"status":"TRAVELING"}],"junctions":[{"green":"none","queues":[],"id":"j1"},{"green":"r1","queues":[{"road":"r1","vehicles":[]}],"id":"j2"}]}}, 
{"time":120,"state":{"roads":[{"speedlimit":120,"co2":9362,"weather":"SUNNY","vehicles":["v1"],"id":"r1"}],"vehicles":[{"distance":9600,"road":"r1","co2":9600,"location":9600,"id":"v1","class":1,"speed":80,"status":"TRAVELING"}],"junctions":[{"green":"none","queues":[],"id":"j1"},{"green":"r1","queues":[{"road":"r1","vehicles":[]}],"id":"j2"}]}}, 
{"time":121,"state":{"roads":[{"speedlimit":120,"co2":9440,"weather":"SUNNY","vehicles":["v1"],"id":"r1"}],"vehicles":[{"distance":9680,"road":"r1","co2":9680,"location":9680,"id":"v1","class":1,"speed":80,"status":"TRAVELING"}],"junctions":[{"green":"none","queues":[],"id":"j1"},{"green":"r1","queues":[{"road":"r1","vehicles":[]}],"id":"j2"}]}}, 
{"time":122,"state":{"roads":[{"speedlimit":120,"co2":9518,"weather":"SUNNY","vehicles":["v1"],"id":"r1"}],"vehicles":[{"distance":9760,"road":"r1","co2":9760,"location":9760,"id":"v1","class":1,"speed":80,"status":"TRAVELING"}],"junctions":[{"green":"none","queues":[],"id":"j1"},{"green":"r1","queues":[{"road":"r1","vehicles":[]}],"id":"j2"}]}}, 
{"time":123,"state":{"roads":[{"speedlimit":120,"co2":9596,"weather":"SUNNY","vehicles":["v1"],"id":"r1"}],"vehicles":[{"distance":9840,"road":"r1","co2":9840,"location":9840,"id":"v1","class":1,"speed":80,"status":"TRAVELING"}],"junctions":[{"green":"none","queues":[],"id":"j1"},{"green":"r1","queues":[{"road":"r1","vehicles":[]}],"id":"j2"}]}}, 
{"time":124,"state":{"roads":[{"speedlimit":120,"co2":9674,"weather":"SUNNY","vehicles":["v1"],"id":"r1"}],"vehicles":[{"distance":9920,"road":"r1","co2":9920,"location":9920,"id":"v1","class":1,"speed":80,"status":"TRAVELING"}],"junctions":[{"green":"none","queues":[],"id":"j1"},{"green":"r1","queues":[{"road":"r1","vehicles":[]}],"id":"j2"}]}}, 
{"time":125,"state":{"roads":[{"speedlimit":120,"co2":9752,"weather":"SUNNY","vehicles":["v1"],"id":"r1"}],"vehicles":[{"distance":10000,"road":"r1","co2":10000,"location":10000,"id":"v1","class":1,"speed":0,"status":"WAITING"}],"junctions":[{"green":"none","queues":[],"id":"j1"},{"green":"r1","queues":[{"road":"r1","vehicles":["v1"]}],"id":"j2"}]}}, 
{"time":126,"state":{"roads":[{"speedlimit":120,"co2":9750,"weather":"SUNNY","vehicles":[],"id":"r1"}],"vehicles":[{"distance":10000,"co2":10000,"id":"v1","class":1,"speed":0,"status":"ARRIVED"}],"junctions":[{"green":"none","queues":[],"id":"j1"},{"green":"r1","queues":[{"road":"r1","vehicles":[]}],"id":"j2"}]}}, 
{"time":127,"state":{"roads":[{"speedlimit":120,"co2":9748,"weather":"SUNNY","vehicles":[],"id":"r1"}],"vehicles":[{"distance":10000,"co2":10000,"id":"v1","class":1,"speed":0,"status":"ARRIVED"}],"junctions":[{"green":"none","queues":[],"id":"j1"},{"green":"r1","queues":[{"road":"r1","vehicles":[]}],"id":"j2"}]}}, 
{"time":128,"state":{"roads":[{"speedlimit":120,"co2":9746,"weather":"SUNNY","vehicles":[],"id":"r1"}],"vehicles":[{"distance":10000,"co2":10000,"id":"v1","class":1,"speed":0,"status":"ARRIVED"}],"junctions":[{"green":"none","queues":[],"id":"j1"},{"green":"r1","queues":[{"road":"r1","vehicles":[]}],"id":"j2"}]}}, 
{"time":129,"state":{"roads":[{"speedlimit":120,"co2":9744,"weather":"SUNNY","vehicles":[],"id":"r1"}],"vehicles":[{"distance":10000,"co2":10000,"id":"v1","class":1,"speed":0,"status":"ARRIVED"}],"junctions":[{"green":"none","queues":[],"id":"j1"},{"green":"r1","queues":[{"road":"r1","vehicles":[]}],"id":"j2"}]}}, 
{"time":130,"state":{"roads":[{"speedlimit":120,"co2":9742,"weather":"SUNNY","vehicles":[],"id":"r1"}],"vehicles":[{"distance":10000,"co2":10000,"id":"v1","class":1,"speed":0,"status":"ARRIVED"}],"junctions":[{"green":"none","queues":[],"id":"j1"},{"green":"r1","queues":[{"road":"r1","vehicles":[]}],"id":"j2"}]}}, 
{"time":131,"state":{"roads":[{"speedlimit":120,"co2":9740,"weather":"SUNNY","vehicles":[],"id":"r1"}],"vehicles":[{"distance":10000,"co2":10000,"id":"v1","class":1,"speed":0,"status":"ARRIVED"}],"junctions":[{"green":"none","queues":[],"id":"j1"},{"green":"r1","queues":[{"road":"r1","vehicles":[]}],"id":"j2"}]}}, 
{"time":132,"state":{"roads":[{"speedlimit":120,"co2":9738,"weather":"SUNNY","vehicles":[],"id":"r1"}],"vehicles":[{"distance":10000,"co2":10000,"id":"v1","class":1,"speed":0,"status":"ARRIVED"}],"junctions":[{"green":"none","queues":[],"id":"j1"},{"green":"r1","queues":[{"road":"r1","vehicles":[]}],"id":"j2"}]}}, 
{"time":133,"state":{"roads":[{"speedlimit":120,"co2":9736,"weather":"SUNNY","vehicles":[],"id":"r1"}],"vehicles":[{"distance":10000,"co2":10000,"id":"v1","class":1,"speed":0,"status":"ARRIVED"}],"junctions":[{"green":"none","queues":[],"id":"j1"},{"green":"r1","queues":[{"road":"r1","vehicles":[]}],"id":"j2"}]}}, 
{"time":134,"state":{"roads":[{"speedlimit":120,"co2":9734,"weather":"SUNNY","vehicles":[],"id":"r1"}],"vehicles":[{"distance":10000,"co2":10000,"id":"v1","class":1,"speed":0,"status":"ARRIVED"}],"junctions":[{"green":"none","queues":[],"id":"j1"},{"green":"r1","queues":[{"road":"r1","vehicles":[]}],"id":"j2"}]}}, 
{"time":135,"state":{"roads":[{"speedlimit":120,"co2":9732,"weather":"SUNNY","vehicles":[],"id":"r1"}],"vehicles":[{"distance":10000,"co2":10000,"id":"v1","class":1,"speed":0,"status":"ARRIVED"}],"junctions":[{"green":"none","queues":[],"id":"j1"},{"green":"r1","queues":[{"road":"r1","vehicles":[]}],"id":"j2"}]}}, 
{"time":136,"state":{"roads":[{"speedlimit":120,"co2":9730,"weather":"SUNNY","vehicles":[],"id":"r1"}],"vehicles":[{"distance":10000,"co2":10000,"id":"v1","class":1,"speed":0,"status":"ARRIVED"}],"junctions":[{"green":"none","queues":[],"id":"j1"},{"green":"r1","queues":[{"road":"r1","vehicles":[]}],"id":"j2"}]}}, 
{"time":137,"state":{"roads":[{"speedlimit":120,"co2":9728,"weather":"SUNNY","vehicles":[],"id":"r1"}],"vehicles":[{"distance":10000,"co2":10000,"id":"v1","class":1,"speed":0,"status":"ARRIVED"}],"junctions":[{"green":"none","queues":[],"id":"j1"},{"green":"r1","queues":[{"road":"r1","vehicles":[]}],"id":"j2"}]}}, 
{"time":138,"state":{"roads":[{"speedlimit":120,"co2":9726,"weather":"SUNNY","vehicles":[],"id":"r1"}],"vehicles":[{"distance":10000,"co2":10000,"id":"v1","class":1,"speed":0,"status":"ARRIVED"}],"junctions":[{"green":"none","queues":[],"id":"j1"},{"green":"r1","queues":[{"road":"r1","vehicles":[]}],"id":"j2"}]}}, 
{"time":139,"state":{"roads":[{"speedlimit":120,"co2":9724,"weather":"SUNNY","vehicles":[],"id":"r1"}],"vehicles":[{"distance":10000,"co2":10000,"id":"v1","class":1,"speed":0,"status":"ARRIVED"}],"junctions":[{"green":"none","queues":[],"id":"j1"},{"green":"r1","queues":[{"road":"r1","vehicles":[]}],"id":"j2"}]}}, 
{"time":140,"state":{"roads":[{"speedlimit":120,"co2":9722,"weather":"SUNNY","vehicles":[],"id":"r1"}],"vehicles":[{"distance":10000,"co2":10000,"id":"v1","class":1,"speed":0,"status":"ARRIVED"}],"junctions":[{"green":"none","queues":[],"id":"j1"},{"green":"r1","queues":[{"road":"r1","vehicles":[]}],"id":"j2"}]}}, 
{"time":141,"state":{"roads":[{"speedlimit":120,"co2":9720,"weather":"SUNNY","vehicles":[],"id":"r1"}],"vehicles":[{"distance":10000,"co2":10000,"id":"v1","class":1,"speed":0,"status":"ARRIVED"}],"junctions":[{"green":"none","queues":[],"id":"j1"},{"green":"r1","queues":[{"road":"r1","vehicles":[]}],"id":"j2"}]}}, 
{"time":142,"state":{"roads":[{"speedlimit":120,"co2":9718,"weather":"SUNNY","vehicles":[],"id":"r1"}],"vehicles":[{"distance":10000,"co2":10000,"id":"v1","class":1,"speed":0,"status":"ARRIVED"}],"junctions":[{"green":"none","queues":[],"id":"j1"},{"green":"r1","queues":[{"road":"r1","vehicles":[]}],"id":"j2"}]}}, 
{"time":143,"state":{"roads":[{"speedlimit":120,"co2":9716,"weather":"SUNNY","vehicles":[],"id":"r1"}],"vehicles":[{"distance":10000,"co2":10000,"id":"v1","class":1,"speed":0,"status":"ARRIVED"}],"junctions":[{"green":"none","queues":[],"id":"j1"},{"green":"r1","queues":[{"road":"r1","vehicles":[]}],"id":"j2"}]}}, 
{"time":144,"state":{"roads":[{"speedlimit":120,"co2":9714,"weather":"SUNNY","vehicles":[],"id":"r1"}],"vehicles":[{"distance":10000,"co2":10000,"id":"v1","class":1,"speed":0,"status":"ARRIVED"}],"junctions":[{"green":"none","queues":[],"id":"j1"},{"green":"r1","queues":[{"road":"r1","vehicles":[]}],"id":"j2"}]}}, 
{"time":145,"state":{"roads":[{"speedlimit":120,"co2":9712,"weather":"SUNNY","vehicles":[],"id":"r1"}],"vehicles":[{"distance":10000,"co2":10000,"id":"v1","class":1,"speed":0,"status":"ARRIVED"}],"junctions":[{"green":"none","queues":[],"id":"j1"},{"green":"r1","queues":[{"road":"r1","vehicles":[]}],"id":"j2"}]}}, 
{"time":146,"state":{"roads":[{"speedlimit":120,"co2":9710,"weather":"SUNNY","vehicles":[],"id":"r1"}],"vehicles":[{"distance":10000,"co2":10000,"id":"v1","class":1,"speed":0,"status":"ARRIVED"}],"junctions":[{"green":"none","queues":[],"id":"j1"},{"green":"r1","queues":[{"road":"r1","vehicles":[]}],"id":"j2"}]}}, 
{"time":147,"state":{"roads":[{"speedlimit":120,"co2":9708,"weather":"SUNNY","vehicles":[],"id":"r1"}],"vehicles":[{"distance":10000,"co2":10000,"id":"v1","class":1,"speed":0,"status":"ARRIVED"}],"junctions":[{"green":"none","queues":[],"id":"j1"},{"green":"r1","queues":[{"road":"r1","vehicles":[]}],"id":"j2"}]}}, 
{"time":148,"state":{"roads":[{"speedlimit":120,"co2":9706,"weather":"SUNNY","vehicles":[],"id":"r1"}],"vehicles":[{"distance":10000,"co2":10000,"id":"v1","class":1,"speed":0,"status":"ARRIVED"}],"junctions":[{"green":"none","queues":[],"id":"j1"},{"green":"r1","queues":[{"road":"r1","vehicles":[]}],"id":"j2"}]}}, 
{"time":149,"state":{"roads":[{"speedlimit":120,"co2":9704,"weather":"SUNNY","vehicles":[],"id":"r1"}],"vehicles":[{"distance":10000,"co2":10000,"id":"v1","class":1,"speed":0,"status":"ARRIVED"}],"junctions":[{"green":"none","queues":[],"id":"j1"},{"green":"r1","queues":[{"road":"r1","vehicles":[]}],"id":"j2"}]}}, 
{"time":150,"state":{"roads":[{"speedlimit":120,"co2":9702,"weather":"SUNNY","vehicles":[],"id":"r1"}],"vehicles":[{"distance":10000,"co2":10000,"id":"v1","class":1,"speed":0,"status":"ARRIVED"}],"junctions":[{"green":"none","queues":[],"id":"j1"},{"green":"r1","queues":[{"road":"r1","vehicles":[]}],"id":"j2"}]}}
] 
}